{"0":0.6,"1":0.2,"2":0.2,"3":0.25,"4":0,"5":0.75,"6":0.14285714285714285,"7":0.14285714285714285,"8":0.14285714285714285,"9":0.2857142857142857,"10":0.2857142857142857}