{"0":0.6,"1":0.4,"2":0,"3":0.5,"4":0,"5":0.5,"6":0.2857142857142857,"7":0.14285714285714285,"8":0.14285714285714285,"9":0.2857142857142857,"10":0.14285714285714285}